компания,город,канал,why_now,цитата,чем занимается,intent,fit,сайт,источники
Staff-Up,astana,whatsapp: +77754417186,"Да, им нужны клиенты сейчас: компания продаёт услуги подбора персонала и прямо предлагает оставить заявку на подбор специалистов для бизнеса.",Мы нашли сотрудников для более 560 компаний,подбор персонала,8.0,6.0,agency.staff-up.kz,https://agency.staff-up.kz/
"Институт автоматизации, ТОО, компания",astana,whatsapp: +77471093221,"Да, компании нужны клиенты сейчас: на сайте есть прямой призыв к заявке на услуги и явная готовность к продажам через контактные каналы.",Автоматизируйте ваше предприятие уже сейчас,комплексная автоматизация,8.0,6.0,ains.kz,https://ains.kz/
"Automate Systems, официальный партнер Битрикс24, amoCRM",astana,whatsapp: +77003001755,"Компании нужны клиенты сейчас, потому что она прямо продаёт услуги внедрения CRM, телефонии и автоматизации для роста продаж и обработки заявок, а это B2B-услуга, зависящая от постоянного потока лидов.","«Запуск и внедрение CRM-систем в Казахстане Внедрим CRM за 7–21 день, выстроим процессы и воронки, обучим персонал.»",внедрение CRM и автоматизация,8.0,6.0,automate.kz,https://automate.kz/
"Bazatin Systems, тренинговая компания",almaty,whatsapp: +77783705735,"Да, помощь с привлечением клиентов нужна сейчас: компания продаёт услуги по развитию и масштабированию бизнеса, а на сайте прямо акцентирует боль владельцев и предлагает бесплатный вход в воронку для лидов.",ПЕРЕВЕДИТЕ ВАШ БИЗНЕС ОТ ХАОСА К СИСТЕМЕ,тренинги для бизнеса,8.0,6.0,bazatin.kz,https://bazatin.kz/
"BusinessProcess.kz, консалтинговая компания, официальный партнер Битрикс24, amoCRM, Zoho CRM",almaty,whatsapp: +77772945195,"Да, помощь с привлечением клиентов нужна прямо сейчас: компания активно продаёт внедрение CRM и автоматизацию, показывает кейсы и прямо просит оставить заявку на консультацию и звонок.","Есть задачи, но не знаете, с чего начать? Напишите нам или закажите звонок — мы поможем.",автоматизация бизнес-процессов,8.0,6.0,businessprocess.kz,https://businessprocess.kz/
"Caspian, образовательный центр",almaty,whatsapp: +77773556154,"Да, помощь с привлечением клиентов нужна прямо сейчас: на сайте есть явный акцент на заявках и онлайн-записи, что обычно означает постоянную потребность в новых лидах.",Запишитесь на языковые курсы уже сегодня!,образовательный центр,8.0,6.0,ctgroup.kz,https://ctgroup.kz/
Fortune Partners,astana,phone: +77056878425,"Компании нужны клиенты сейчас, потому что она прямо предлагает услуги для бизнеса и делает упор на результат, а также показывает текущую воронку через консультацию и событие.",Практические решения которые приносят результат,юридический и налоговый консалтинг,8.0,6.0,fortunepartners.kz,https://fortunepartners.kz/
"Grand Event, компания по организации мероприятий",almaty,whatsapp: +77017157813,"Да — компании нужны клиенты сейчас, потому что на сайте прямо предлагается оставить заявку и записаться на консультацию, а также есть прайс-лист и каталог услуг, что обычно означает активные продажи.",Остались вопросы? Свяжитесь с нами или оставьте заявку. Мы свяжемся с Вами в ближайшее время.,организация мероприятий,8.0,6.0,grandevent.kz,https://grandevent.kz/
"Инком Казахстан, ТОО, компания",almaty,phone: +77273236176,"Компании нужны новые клиенты сейчас, потому что она прямо предлагает услуги и принимает заявки/заказы на звонок по широкому B2B-портфелю IT-решений.","""Лучшие IT-решения для вашего бизнеса ""под ключ""!""",IT-решения для бизнеса,8.0,6.0,incom.com.kz,https://incom.com.kz/
"KazNetCom, ТОО, телекоммуникационная компания",almaty,whatsapp: +77019412194,Да: компания активно продаёт услуги для бизнеса и прямо предлагает оставить заявку на подключение и получить предложение.,"""Более 9 лет казахстанский провайдер KazNetCom занимает лидирующие позиции в сфере IT-услуг для бизнеса. За это время нам удалось обеспечить подключение для свыше 6000 компаний в 45+ городах по всему Казахстану.""",телекоммуникационные услуги,8.0,6.0,kaznetcom.kz,https://kaznetcom.kz/
"Казахстанский Центр Строительной Оценки, ТОО",almaty,whatsapp: +77072722099,"Да, помощь с привлечением клиентов нужна сейчас: компания прямо продаёт услуги через прайс-лист, заявки и консультации, а значит ей важен постоянный поток обращений.",Заказать звонок,лицензирование и аттестация,8.0,6.0,kcso.kz,https://kcso.kz/
Kaz Security Lab,astana,whatsapp: +77068252525,"Да, компания явно продаёт услуги и прямо сейчас собирает заявки на них через сайт.",Оставьте заявку и мы c радостью Вас проконсультируем,испытания информационной безопасности,8.0,6.0,kslab.kz,https://kslab.kz/
"МойСклад, IT-компания",almaty,whatsapp: +77775521184,"Им нужны клиенты сейчас, потому что на сайте прямо продвигаются продажи и лид-магниты: «Всё, что нужно для малого бизнеса в Казахстане, — в одной системе», «Запустите онлайн-продажи без сайта и агрегаторов», а также «Начать бесплатно» и «Уже 51 000 компаний используют МойСклад» — это указывает на активное привлечение и монетизацию новых пользователей.",Запустите онлайн-продажи без сайта и агрегаторов,облачная ERP-система,8.0,6.0,moysklad.kz,https://moysklad.kz/
"PromExpertAstana, ТОО",astana,whatsapp: +77016606189,"Да, компании нужны клиенты прямо сейчас: на сайте есть прямой призыв к заявке и звонку на услуги, что указывает на активное привлечение лидов.",Оставить заявку,охрана труда и обучение,8.0,6.0,pea.kz,https://pea.kz/
"Расходник.kz, магазин",astana,whatsapp: +77784060299,"Да, компании нужны клиенты сейчас, потому что она прямо продвигает услуги и прием заявок на ремонт/заправку, значит ей важен постоянный поток обращений.",Ваш ноутбук или компьютер тормозит? Пора это исправлять!,магазин расходников и ремонт техники,8.0,6.0,raskhodnik.kz,http://raskhodnik.kz/
"Royal IT, торгово-сервисная компания",almaty,whatsapp: +77003474444,"Да, компании сейчас нужны клиенты: на сайте есть явные призывы оставить заявку и получить консультацию, значит она активно привлекает новых обращений.",«оставить заявку»; «ПОЛУЧИТЬ КОНСУЛЬТАЦИЮ»,IT-услуги и 1С,8.0,6.0,royalit.kz,https://royalit.kz/
"RuSoft, торговая компания, официальный 1C: Франчайзи",astana,whatsapp: +77019133342,"Да, помощь с привлечением клиентов нужна сейчас: компания прямо продвигает услуги продаж через заявки и звонки, а также обещает скидку на любую услугу, что указывает на активную потребность в новых обращениях.",Оставьте заявку и получите скидку от 5% на любую услугу,автоматизация и 1С,8.0,6.0,rusoft.kz,https://rusoft.kz/
"Внедрение.kz, ТОО, компания",almaty,whatsapp: +77021010295,"Да, компании нужны клиенты сейчас, потому что она прямо продвигает услуги внедрения, интеграции и сопровождения с акцентом на быстрый результат и скидки.",Закажите сейчас и получите скидку на первые услуги!,внедрение 1С и автоматизация,8.0,6.0,vnedrenie.kz,https://vnedrenie.kz/
"ZIZ INC.-Digital IT Solutions, компания по созданию сайтов и приложений",astana,whatsapp: +77052266244,"Да, компании нужны клиенты прямо сейчас: на сайте есть явный призыв оставить заявку на проект, что указывает на активный поиск новых обращений.","Оставьте нам заявку и мы свяжемся с вами, чтобы определить задачи, фронт работы и стоимость будущего проекта",создание сайтов и приложений,8.0,6.0,web.ziz.kz,https://web.ziz.kz/
"WeMake, веб-студия",almaty,whatsapp: +77078300009,"Да, помощь с привлечением клиентов нужна сейчас: компания прямо продаёт услуги и у неё есть акцент на рост заявок и продаж через CRM, сайт и интеграции.",Автоматизируйте продажи и выведите клиентский сервис на новый уровень.,веб-студия,8.0,6.0,wemake.kz,https://wemake.kz/
"Z24, юридическая фирма",almaty,whatsapp: +77070242424,"Да, помощь с привлечением клиентов нужна сейчас: сайт прямо ориентирован на заявки и консультации, что означает постоянную потребность в новых обращениях.",Обретите спокойствие с нашей юридической поддержкой,юридические услуги,8.0,6.0,z24.kz,https://z24.kz/
"Zerek RoadTech, ТОО",astana,whatsapp: +77012084004,"Компании нужны клиенты сейчас, потому что на сайте есть явные призывы к обращению за консультацией и заказом услуг, а также каталог и прайс, что указывает на активные продажи.",Бесплатная консультация,системы безопасности и видеонаблюдение,8.0,6.0,zrt.kz,https://zrt.kz/
"Первый БИТ, ТОО БИТ-Астана",astana,phone: +77172734990,"Да, компании нужны клиенты прямо сейчас: на сайте есть явный призыв к заявке и консультации по решениям и услугам, значит она активно продаёт и заинтересована в новых обращениях.",«Задайте вопрос эксперту»,IT-решения для учета и управления,7.5,6.0,1bit.kz,https://1bit.kz/
Ali_Pack_Fast Fulfillment,astana,whatsapp: +77000283538,"Компания прямо продвигает услуги фулфилмента для продавцов на маркетплейсах и призывает оставить заявку, значит ей нужны новые клиенты сейчас.",Оставьте заявку!,фулфилмент для маркетплейсов,7.5,6.0,alipackfast.kz,https://alipackfast.kz/
"Национальный центр экспертизы и сертификации, АО",astana,whatsapp: +77053360412,"Да, помощь с привлечением клиентов нужна сейчас, потому что на сайте есть коммерческий отдел и выделенные каналы для обращений, а также акцент на скидках и услугах, что указывает на активные продажи и потребность в потоке заявок.",Коммерческий отдел ❐ 📞 +7 727 303 91 12,сертификация и метрология,7.5,6.0,almaty.naceks.kz,https://almaty.naceks.kz/
AnayConsult,astana,whatsapp: +77018193287,"Да, помощь с привлечением клиентов нужна прямо сейчас: сайт активно продаёт услуги внедрения и настройки CRM, а также предлагает бесплатный аудит и расчёт, что обычно означает фокус на потоке новых заявок.","Покажем точки роста , аудит отдела продаж бесплатно",внедрение amoCRM,7.5,6.0,anayconsult.kz,https://anayconsult.kz/
"A-sert, ТОО, центр сертификационного консалтинга",almaty,whatsapp: +77001012184,"Им нужны клиенты сейчас, потому что они прямо предлагают «Оставить заявку», «Заказать звонок консультанта» и «Заказать бесплатную консультацию», что указывает на активный сбор обращений.",Оставить заявку,сертификационный консалтинг,7.5,6.0,asert.org.kz,https://asert.org.kz/
"Astana Creative, ТОО, веб-студия",astana,whatsapp: +77750073100,"Да, помощь с привлечением клиентов нужна прямо сейчас: компания сама продвигает услуги по лидогенерации и продажам, но при этом на сайте делает акцент на росте обращений и продаж, значит ей важно постоянно пополнять поток новых заявок.","«наша цель — создать не просто красивый сайт, а эффективный инструмент, который помогает компании укреплять доверие клиентов, автоматизировать процессы, увеличивать количество обращений и развивать продажи.»",веб-студия,7.5,6.0,astanacreative.kz,https://astanacreative.kz/
"Automate IT, компания, ТОО Automate it Ltd",almaty,whatsapp: +77008023882,"Да, компании нужны клиенты сейчас: на сайте есть явный призыв к коммерческому контакту и демонстрации проекта, что обычно означает активный поиск новых обращений.",Записаться на демо,внедрение Bitrix24,7.5,6.0,automate-it.kz,https://automate-it.kz/
"Best accountant, бухгалтерская онлайн-компания",astana,whatsapp: +77759902674,"Компания прямо предлагает бесплатную консультацию и подбор сопровождения для бизнеса, значит ей важно получать новые обращения сейчас.",Получите бесплатную консультацию и расчет сопровождения вашей компании,бухгалтерские услуги,7.5,6.0,bestaccountant.kz,https://bestaccountant.kz/
